[
  {
    "value": "anger",
    "synonyms": [
      "anger",
      "angry",
      "mad"
    ]
  },
  {
    "value": "disgust",
    "synonyms": [
      "disgust",
      "disgusted"
    ]
  },
  {
    "value": "fear",
    "synonyms": [
      "afraid",
      "fear"
    ]
  },
  {
    "value": "happy",
    "synonyms": [
      "excited",
      "happy",
      "nice"
    ]
  },
  {
    "value": "neutral",
    "synonyms": [
      "neutral",
      "nothing",
      "okay"
    ]
  },
  {
    "value": "sad",
    "synonyms": [
      "cry",
      "sad"
    ]
  }
]