[
  {
    "value": "1",
    "synonyms": [
      "1",
      "one"
    ]
  },
  {
    "value": "2",
    "synonyms": [
      "2",
      "two"
    ]
  },
  {
    "value": "3",
    "synonyms": [
      "3",
      "three"
    ]
  },
  {
    "value": "4",
    "synonyms": [
      "4",
      "four"
    ]
  },
  {
    "value": "5",
    "synonyms": [
      "5",
      "five"
    ]
  },
  {
    "value": "computer",
    "synonyms": [
      "computer"
    ]
  },
  {
    "value": "emotion analysis",
    "synonyms": [
      "emotion",
      "emotion analysis"
    ]
  },
  {
    "value": "gender recognition",
    "synonyms": [
      "gender",
      "gender analysis",
      "gender recognition",
      "male female"
    ]
  },
  {
    "value": "language translation",
    "synonyms": [
      "language",
      "language translation",
      "translate",
      "translating"
    ]
  },
  {
    "value": "no",
    "synonyms": [
      "no"
    ]
  },
  {
    "value": "sentiment analysis",
    "synonyms": [
      "positive negative",
      "sentiment",
      "sentiment analysis"
    ]
  },
  {
    "value": "smart speaker",
    "synonyms": [
      "alexa",
      "google home",
      "smart speaker",
      "speaker"
    ]
  },
  {
    "value": "survey",
    "synonyms": [
      "questionnaire",
      "survey"
    ]
  },
  {
    "value": "yes",
    "synonyms": [
      "yes"
    ]
  }
]