[
  {
    "value": "default answer",
    "synonyms": [
      "default answer"
    ]
  },
  {
    "value": "emotion analysis",
    "synonyms": [
      "emotion",
      "emotion analysis"
    ]
  },
  {
    "value": "gender recognition",
    "synonyms": [
      "gender",
      "gender differentiation",
      "gender recognition"
    ]
  },
  {
    "value": "language translation",
    "synonyms": [
      "Language Translation",
      "translate"
    ]
  },
  {
    "value": "sentiment analysis",
    "synonyms": [
      "Sentiment",
      "sentiment analysis"
    ]
  },
  {
    "value": "survey",
    "synonyms": [
      "Survey",
      "questionnaire"
    ]
  }
]