[
  {
    "id": "7330c76a-cad6-487d-bb2b-2ff914eaddde",
    "data": [
      {
        "text": "this is ",
        "userDefined": false
      },
      {
        "text": "positive",
        "alias": "sentiment",
        "meta": "@sentiment",
        "userDefined": false
      }
    ],
    "isTemplate": false,
    "count": 0,
    "updated": 0
  },
  {
    "id": "b164c16c-9cb6-42b4-a532-7c2cdc60449f",
    "data": [
      {
        "text": "it must be ",
        "userDefined": false
      },
      {
        "text": "positive",
        "alias": "sentiment",
        "meta": "@sentiment",
        "userDefined": false
      }
    ],
    "isTemplate": false,
    "count": 0,
    "updated": 0
  },
  {
    "id": "49a31dc4-be94-425f-9381-ccdd672ddeba",
    "data": [
      {
        "text": "maybe ",
        "userDefined": false
      },
      {
        "text": "negative",
        "alias": "sentiment",
        "meta": "@sentiment",
        "userDefined": false
      },
      {
        "text": "?",
        "userDefined": false
      }
    ],
    "isTemplate": false,
    "count": 0,
    "updated": 0
  },
  {
    "id": "4d63c1b5-ed13-4431-9834-09e1941409eb",
    "data": [
      {
        "text": "I bet it is ",
        "userDefined": false
      },
      {
        "text": "positive",
        "alias": "sentiment",
        "meta": "@sentiment",
        "userDefined": false
      }
    ],
    "isTemplate": false,
    "count": 0,
    "updated": 0
  },
  {
    "id": "e098af2b-7560-4493-8710-80d0e329cc43",
    "data": [
      {
        "text": "I think it is ",
        "userDefined": false
      },
      {
        "text": "neutral",
        "alias": "sentiment",
        "meta": "@sentiment",
        "userDefined": false
      }
    ],
    "isTemplate": false,
    "count": 0,
    "updated": 0
  },
  {
    "id": "664b599e-01b9-4c5a-9d7b-86aca3d74bd1",
    "data": [
      {
        "text": "it is ",
        "userDefined": false
      },
      {
        "text": "negative",
        "alias": "sentiment",
        "meta": "@sentiment",
        "userDefined": false
      }
    ],
    "isTemplate": false,
    "count": 0,
    "updated": 0
  },
  {
    "id": "52dd1157-c6b3-4020-a89d-f212c24b60df",
    "data": [
      {
        "text": "positive",
        "alias": "sentiment",
        "meta": "@sentiment",
        "userDefined": true
      }
    ],
    "isTemplate": false,
    "count": 0,
    "updated": 0
  }
]