[
  {
    "id": "40095dd9-9eee-4e86-a0c6-69cef3aff2b8",
    "data": [
      {
        "text": "google home",
        "alias": "rating",
        "meta": "@rating",
        "userDefined": true
      },
      {
        "text": " is more practical",
        "userDefined": false
      }
    ],
    "isTemplate": false,
    "count": 0,
    "updated": 0
  },
  {
    "id": "19c2af21-b747-4bf7-95ff-d78f59461c21",
    "data": [
      {
        "text": "probably ",
        "userDefined": false
      },
      {
        "text": "computer",
        "alias": "rating",
        "meta": "@rating",
        "userDefined": false
      }
    ],
    "isTemplate": false,
    "count": 0,
    "updated": 0
  },
  {
    "id": "f2f4605b-0c57-4b87-8d42-4e19736638ed",
    "data": [
      {
        "text": "I think its name is ",
        "userDefined": false
      },
      {
        "text": "gender",
        "alias": "rating",
        "meta": "@rating",
        "userDefined": true
      },
      {
        "text": " recognition",
        "userDefined": false
      }
    ],
    "isTemplate": false,
    "count": 0,
    "updated": 0
  },
  {
    "id": "05a1ab0c-fe08-488c-9308-12e4751026ee",
    "data": [
      {
        "text": "the ",
        "userDefined": false
      },
      {
        "text": "emotion",
        "alias": "rating",
        "meta": "@rating",
        "userDefined": true
      },
      {
        "text": " one",
        "userDefined": false
      }
    ],
    "isTemplate": false,
    "count": 0,
    "updated": 0
  },
  {
    "id": "502817db-82b7-473e-b02f-68595cb1d084",
    "data": [
      {
        "text": "maybe ",
        "userDefined": false
      },
      {
        "text": "4",
        "alias": "rating",
        "meta": "@rating",
        "userDefined": false
      }
    ],
    "isTemplate": false,
    "count": 0,
    "updated": 0
  },
  {
    "id": "a0c2dc6c-83d0-4d71-b1db-52eb13e9b544",
    "data": [
      {
        "text": "I think it is ",
        "userDefined": false
      },
      {
        "text": "3",
        "alias": "rating",
        "meta": "@rating",
        "userDefined": false
      }
    ],
    "isTemplate": false,
    "count": 0,
    "updated": 0
  },
  {
    "id": "19368411-cd47-4cfa-9c0e-6b1a34ab03b9",
    "data": [
      {
        "text": "it is ",
        "userDefined": false
      },
      {
        "text": "2",
        "alias": "rating",
        "meta": "@rating",
        "userDefined": false
      }
    ],
    "isTemplate": false,
    "count": 0,
    "updated": 0
  },
  {
    "id": "11dac27d-5ea7-4ee2-ad66-6f27c52305d9",
    "data": [
      {
        "text": "1",
        "alias": "rating",
        "meta": "@rating",
        "userDefined": true
      }
    ],
    "isTemplate": false,
    "count": 0,
    "updated": 0
  }
]