[
  {
    "id": "db123de6-88d3-4473-b6e6-f312f52b1ed8",
    "data": [
      {
        "text": "hmm... ",
        "userDefined": false
      },
      {
        "text": "we go to church every Sunday",
        "alias": "any",
        "meta": "@sys.any",
        "userDefined": true
      }
    ],
    "isTemplate": false,
    "count": 0,
    "updated": 0
  },
  {
    "id": "f4b92a85-b005-43f3-a314-eef705523880",
    "data": [
      {
        "text": "its english translation is ",
        "userDefined": false
      },
      {
        "text": "we are going on a camp next week if possible",
        "alias": "any",
        "meta": "@sys.any",
        "userDefined": true
      }
    ],
    "isTemplate": false,
    "count": 0,
    "updated": 0
  },
  {
    "id": "a0aff181-cbbf-4d48-ab73-4bdce3fdc4e8",
    "data": [
      {
        "text": "I\u0027m pretty sure it translates to ",
        "userDefined": false
      },
      {
        "text": "my friend and I go fishing next week",
        "alias": "any",
        "meta": "@sys.any",
        "userDefined": true
      }
    ],
    "isTemplate": false,
    "count": 0,
    "updated": 0
  },
  {
    "id": "9893356f-10ed-4a00-be53-33d96fa0e27f",
    "data": [
      {
        "text": "is it ",
        "userDefined": false
      },
      {
        "text": "let\u0027s go to a place where there are many people",
        "alias": "any",
        "meta": "@sys.any",
        "userDefined": true
      },
      {
        "text": "?",
        "userDefined": false
      }
    ],
    "isTemplate": false,
    "count": 0,
    "updated": 0
  },
  {
    "id": "00f715da-f828-4cd5-b4aa-6488d4a1d0ac",
    "data": [
      {
        "text": "it means ",
        "userDefined": false
      },
      {
        "text": "I want to go for a walk",
        "alias": "any",
        "meta": "@sys.any",
        "userDefined": true
      }
    ],
    "isTemplate": false,
    "count": 0,
    "updated": 0
  },
  {
    "id": "60c065c5-177f-42bb-bb41-1866a9af79fc",
    "data": [
      {
        "text": "all people are looking at the starts together",
        "alias": "any",
        "meta": "@sys.any",
        "userDefined": true
      }
    ],
    "isTemplate": false,
    "count": 0,
    "updated": 0
  },
  {
    "id": "85a24e83-7e55-4269-8297-e99200b04852",
    "data": [
      {
        "text": "the answer is ",
        "userDefined": false
      },
      {
        "text": "we go to the mall together",
        "alias": "any",
        "meta": "@sys.any",
        "userDefined": true
      }
    ],
    "isTemplate": false,
    "count": 0,
    "updated": 0
  },
  {
    "id": "e315d5f5-5d52-483f-a465-f72d4725a7b8",
    "data": [
      {
        "text": "it translates to ",
        "userDefined": false
      },
      {
        "text": "mother goes to church",
        "alias": "any",
        "meta": "@sys.any",
        "userDefined": true
      }
    ],
    "isTemplate": false,
    "count": 0,
    "updated": 0
  },
  {
    "id": "c70da3b8-1007-4cf4-bbdc-252869ae57ab",
    "data": [
      {
        "text": "the translation is ",
        "userDefined": false
      },
      {
        "text": "any",
        "alias": "any",
        "meta": "@sys.any",
        "userDefined": true
      }
    ],
    "isTemplate": false,
    "count": 0,
    "updated": 0
  }
]