[
  {
    "id": "c6f83dbd-0de2-4068-bb11-fc7670287eeb",
    "data": [
      {
        "text": "male",
        "alias": "gender",
        "meta": "@gender",
        "userDefined": true
      }
    ],
    "isTemplate": false,
    "count": 0,
    "updated": 0
  },
  {
    "id": "58a74a06-67c2-474a-ba86-37c825973e86",
    "data": [
      {
        "text": "I think it is a ",
        "userDefined": false
      },
      {
        "text": "female",
        "alias": "gender",
        "meta": "@gender",
        "userDefined": true
      }
    ],
    "isTemplate": false,
    "count": 0,
    "updated": 0
  },
  {
    "id": "d7b2e5e7-a8b0-4128-aa51-28e89ba24f21",
    "data": [
      {
        "text": "it is a ",
        "userDefined": false
      },
      {
        "text": "male",
        "alias": "gender",
        "meta": "@gender",
        "userDefined": true
      }
    ],
    "isTemplate": false,
    "count": 0,
    "updated": 0
  }
]