[
  {
    "id": "e4b797ed-3160-4752-86ff-c7147defcc88",
    "data": [
      {
        "text": "this person is ",
        "userDefined": false
      },
      {
        "text": "angry",
        "alias": "emotion",
        "meta": "@emotion",
        "userDefined": true
      }
    ],
    "isTemplate": false,
    "count": 0,
    "updated": 0
  },
  {
    "id": "e7ffbb30-b8a6-44f8-843a-3148e819f77e",
    "data": [
      {
        "text": "probably ",
        "userDefined": false
      },
      {
        "text": "happy",
        "alias": "emotion",
        "meta": "@emotion",
        "userDefined": true
      }
    ],
    "isTemplate": false,
    "count": 0,
    "updated": 0
  },
  {
    "id": "de8b0fd0-b236-434a-807f-e597b35a9518",
    "data": [
      {
        "text": "It is probably ",
        "userDefined": false
      },
      {
        "text": "fear",
        "alias": "emotion",
        "meta": "@emotion",
        "userDefined": false
      }
    ],
    "isTemplate": false,
    "count": 0,
    "updated": 0
  },
  {
    "id": "8c4cd3bc-b889-4c81-93e0-fc5474713cf2",
    "data": [
      {
        "text": "this is ",
        "userDefined": false
      },
      {
        "text": "neutral",
        "alias": "emotion",
        "meta": "@emotion",
        "userDefined": false
      },
      {
        "text": " I think",
        "userDefined": false
      }
    ],
    "isTemplate": false,
    "count": 0,
    "updated": 0
  },
  {
    "id": "19b8961f-a526-46f4-9dc4-3b51826b79f5",
    "data": [
      {
        "text": "maybe ",
        "userDefined": false
      },
      {
        "text": "disgust",
        "alias": "emotion",
        "meta": "@emotion",
        "userDefined": false
      }
    ],
    "isTemplate": false,
    "count": 0,
    "updated": 0
  },
  {
    "id": "04cdac6e-f664-4636-8967-f6bcb60e0888",
    "data": [
      {
        "text": "I think it is ",
        "userDefined": false
      },
      {
        "text": "sad",
        "alias": "emotion",
        "meta": "@emotion",
        "userDefined": false
      }
    ],
    "isTemplate": false,
    "count": 0,
    "updated": 0
  },
  {
    "id": "0c465743-59d8-4abc-b13c-9469ca30a464",
    "data": [
      {
        "text": "happy",
        "alias": "emotion",
        "meta": "@emotion",
        "userDefined": true
      }
    ],
    "isTemplate": false,
    "count": 0,
    "updated": 0
  }
]