[
  {
    "id": "2819306b-98d2-43e0-b5f9-f0100a12b3ee",
    "data": [
      {
        "text": "what categories are available",
        "userDefined": false
      }
    ],
    "isTemplate": false,
    "count": 0,
    "updated": 0
  },
  {
    "id": "c525d23b-7e01-4a77-8832-f2dfd85a521f",
    "data": [
      {
        "text": "what tasks are there?",
        "userDefined": false
      }
    ],
    "isTemplate": false,
    "count": 0,
    "updated": 0
  },
  {
    "id": "a6ddf0f5-cc4e-4842-8907-a85df6f385e8",
    "data": [
      {
        "text": "tasks",
        "userDefined": false
      }
    ],
    "isTemplate": false,
    "count": 0,
    "updated": 0
  },
  {
    "id": "ea4c1da0-951e-4a4a-9482-3dc771f228aa",
    "data": [
      {
        "text": "task types",
        "userDefined": false
      }
    ],
    "isTemplate": false,
    "count": 0,
    "updated": 0
  },
  {
    "id": "231b798f-f828-4b7d-9dd6-e8f3c6d6a5dd",
    "data": [
      {
        "text": "task category",
        "userDefined": false
      }
    ],
    "isTemplate": false,
    "count": 0,
    "updated": 0
  },
  {
    "id": "f2460fcc-4471-4a8a-973e-8df5f6310c3d",
    "data": [
      {
        "text": "category",
        "userDefined": false
      }
    ],
    "isTemplate": false,
    "count": 0,
    "updated": 0
  },
  {
    "id": "4695d752-8e84-4705-b409-42371328ebd4",
    "data": [
      {
        "text": "I want to change task",
        "userDefined": false
      }
    ],
    "isTemplate": false,
    "count": 0,
    "updated": 0
  },
  {
    "id": "34a267ba-0146-4e66-baa9-2c0ee3f1454b",
    "data": [
      {
        "text": "What type of tasks are available?",
        "userDefined": false
      }
    ],
    "isTemplate": false,
    "count": 0,
    "updated": 0
  },
  {
    "id": "c62b700c-b607-4eb9-ad5b-f37cb0e69d10",
    "data": [
      {
        "text": "what tasks are available?",
        "userDefined": false
      }
    ],
    "isTemplate": false,
    "count": 0,
    "updated": 0
  },
  {
    "id": "ba80e29b-c102-413f-960b-7c7ea9c3f637",
    "data": [
      {
        "text": "what task categories are available?",
        "userDefined": false
      }
    ],
    "isTemplate": false,
    "count": 0,
    "updated": 0
  }
]