[
  {
    "id": "18274674-6b6e-4429-8afe-e34ec13e3beb",
    "data": [
      {
        "text": "instruction",
        "userDefined": false
      }
    ],
    "isTemplate": false,
    "count": 0,
    "updated": 0
  },
  {
    "id": "be5ac16c-8b32-4099-a8de-32048efebf74",
    "data": [
      {
        "text": "hint",
        "userDefined": false
      }
    ],
    "isTemplate": false,
    "count": 0,
    "updated": 0
  },
  {
    "id": "0b5c145e-74dc-48bf-99c8-71785331eed1",
    "data": [
      {
        "text": "help please",
        "userDefined": false
      }
    ],
    "isTemplate": false,
    "count": 0,
    "updated": 0
  },
  {
    "id": "9a70f4b1-d916-42da-8006-d8b1e426a0e1",
    "data": [
      {
        "text": "help",
        "userDefined": false
      }
    ],
    "isTemplate": false,
    "count": 0,
    "updated": 0
  }
]