[
  {
    "id": "f5d4a6fd-914e-42f6-b114-1de35546c43b",
    "data": [
      {
        "text": "default answer",
        "alias": "task",
        "meta": "@task",
        "userDefined": false
      }
    ],
    "isTemplate": false,
    "count": 0,
    "updated": 0
  },
  {
    "id": "d5306668-6b8c-452e-ab72-33ac777e29a9",
    "data": [
      {
        "text": "how about ",
        "userDefined": false
      },
      {
        "text": "sentiment analysis",
        "alias": "task",
        "meta": "@task",
        "userDefined": true
      },
      {
        "text": "?",
        "userDefined": false
      }
    ],
    "isTemplate": false,
    "count": 0,
    "updated": 0
  },
  {
    "id": "47b663e9-3fb2-4c10-af34-793fecbfddba",
    "data": [
      {
        "text": "I want to do ",
        "userDefined": false
      },
      {
        "text": "survey",
        "alias": "task",
        "meta": "@task",
        "userDefined": true
      }
    ],
    "isTemplate": false,
    "count": 0,
    "updated": 0
  },
  {
    "id": "575a0510-5df1-47c4-b9fe-83f1052ca269",
    "data": [
      {
        "text": "sentiment analysis",
        "alias": "task",
        "meta": "@task",
        "userDefined": true
      },
      {
        "text": " please",
        "userDefined": false
      }
    ],
    "isTemplate": false,
    "count": 0,
    "updated": 0
  }
]