[
  {
    "id": "b3afbf51-16fa-43b0-99a8-135fb8faf4bb",
    "data": [
      {
        "text": "I don\u0027t know",
        "userDefined": false
      }
    ],
    "isTemplate": false,
    "count": 0,
    "updated": 0
  },
  {
    "id": "2d2a8f86-d402-4fa1-91a8-de1d8a3366c1",
    "data": [
      {
        "text": "skip task",
        "userDefined": false
      }
    ],
    "isTemplate": false,
    "count": 0,
    "updated": 0
  },
  {
    "id": "9cae5009-4d05-44e4-a7fc-782a6070af02",
    "data": [
      {
        "text": "skip",
        "userDefined": false
      }
    ],
    "isTemplate": false,
    "count": 0,
    "updated": 0
  },
  {
    "id": "17066c1e-658e-41a2-875c-2fcb62bad433",
    "data": [
      {
        "text": "skip please",
        "userDefined": false
      }
    ],
    "isTemplate": false,
    "count": 0,
    "updated": 0
  },
  {
    "id": "858cd09d-e2b5-4fd9-9bfa-a3772795852d",
    "data": [
      {
        "text": "continue to next task",
        "userDefined": false
      }
    ],
    "isTemplate": false,
    "count": 0,
    "updated": 0
  },
  {
    "id": "c3512674-559c-458c-aafc-717d37762a3c",
    "data": [
      {
        "text": "continue",
        "userDefined": false
      }
    ],
    "isTemplate": false,
    "count": 0,
    "updated": 0
  },
  {
    "id": "8e806a3e-b019-4552-8f6d-cf0704fb1329",
    "data": [
      {
        "text": "I want to do next task",
        "userDefined": false
      }
    ],
    "isTemplate": false,
    "count": 1,
    "updated": 0
  },
  {
    "id": "3f6f4c01-4660-4bb9-85f1-d8e88ea94290",
    "data": [
      {
        "text": "next task please",
        "userDefined": false
      }
    ],
    "isTemplate": false,
    "count": 0,
    "updated": 0
  },
  {
    "id": "4c21a489-1e2c-4698-969c-c3aa03074baf",
    "data": [
      {
        "text": "next",
        "userDefined": false
      }
    ],
    "isTemplate": false,
    "count": 0,
    "updated": 0
  },
  {
    "id": "d40abd35-e3b8-479c-8c5c-7bd09f950040",
    "data": [
      {
        "text": "next task",
        "userDefined": false
      }
    ],
    "isTemplate": false,
    "count": 0,
    "updated": 0
  }
]