[
  {
    "id": "a65e04a4-46aa-45bd-8ccf-6bf810b12b46",
    "data": [
      {
        "text": "please say it again",
        "userDefined": false
      }
    ],
    "isTemplate": false,
    "count": 0,
    "updated": 0
  },
  {
    "id": "5e995d58-97d0-403c-9d28-32f134a4bc49",
    "data": [
      {
        "text": "can you repeat?",
        "userDefined": false
      }
    ],
    "isTemplate": false,
    "count": 0,
    "updated": 0
  },
  {
    "id": "3be2035f-a5c3-430e-91a4-6a8f4b26f626",
    "data": [
      {
        "text": "sorry what is that again?",
        "userDefined": false
      }
    ],
    "isTemplate": false,
    "count": 0,
    "updated": 0
  },
  {
    "id": "54ecd167-9463-42b0-abae-3a73be81b0a7",
    "data": [
      {
        "text": "once more please",
        "userDefined": false
      }
    ],
    "isTemplate": false,
    "count": 0,
    "updated": 0
  },
  {
    "id": "97ffca65-405f-492f-a04b-746f6cf97fdc",
    "data": [
      {
        "text": "repeat",
        "userDefined": false
      }
    ],
    "isTemplate": false,
    "count": 0,
    "updated": 0
  }
]