[
  {
    "id": "11607ddb-f75b-414a-9058-91de8af34aad",
    "data": [
      {
        "text": "start the task",
        "userDefined": false
      }
    ],
    "isTemplate": false,
    "count": 0,
    "updated": 0
  },
  {
    "id": "d01ad445-16be-43bd-b071-91f2bd98d3d1",
    "data": [
      {
        "text": "stat",
        "userDefined": false
      }
    ],
    "isTemplate": false,
    "count": 0,
    "updated": 0
  },
  {
    "id": "d5d3d8f6-fce5-4374-ac95-51626908e017",
    "data": [
      {
        "text": "please start",
        "userDefined": false
      }
    ],
    "isTemplate": false,
    "count": 0,
    "updated": 0
  },
  {
    "id": "f071b2f3-59f4-4581-844c-107b8eeb2344",
    "data": [
      {
        "text": "start this",
        "userDefined": false
      }
    ],
    "isTemplate": false,
    "count": 0,
    "updated": 0
  },
  {
    "id": "b69967a8-4497-472f-b712-1895fd4094f1",
    "data": [
      {
        "text": "start please",
        "userDefined": false
      }
    ],
    "isTemplate": false,
    "count": 0,
    "updated": 0
  },
  {
    "id": "396cd6b2-6a79-4df9-83d9-04b1d4949723",
    "data": [
      {
        "text": "I want to start",
        "userDefined": false
      }
    ],
    "isTemplate": false,
    "count": 0,
    "updated": 0
  },
  {
    "id": "6718d4ef-1e22-4386-aad4-e598c6ce3853",
    "data": [
      {
        "text": "ok",
        "userDefined": false
      }
    ],
    "isTemplate": false,
    "count": 1,
    "updated": 0
  },
  {
    "id": "5139bd87-8739-4aee-b93b-87b8bb575673",
    "data": [
      {
        "text": "begin",
        "userDefined": false
      }
    ],
    "isTemplate": false,
    "count": 0,
    "updated": 0
  },
  {
    "id": "df817c9a-6cf5-4416-be2c-e3f27f8fcb65",
    "data": [
      {
        "text": "start",
        "userDefined": false
      }
    ],
    "isTemplate": false,
    "count": 0,
    "updated": 0
  }
]